"filename", "language", "TypeScript", "JSON", "TypeScript JSX", "Markdown", "JSON with Comments", "SCSS", "CSS", "JavaScript", "HTML", "comment", "blank", "total"
"c:\Users\Admin\Desktop\mifi_ifib_v2\README.md", "Markdown", 0, 0, 0, 40, 0, 0, 0, 0, 0, 0, 11, 51
"c:\Users\Admin\Desktop\mifi_ifib_v2\eslint.config.js", "JavaScript", 0, 0, 0, 0, 0, 0, 0, 27, 0, 0, 2, 29
"c:\Users\Admin\Desktop\mifi_ifib_v2\index.html", "HTML", 0, 0, 0, 0, 0, 0, 0, 0, 20, 0, 1, 21
"c:\Users\Admin\Desktop\mifi_ifib_v2\package-lock.json", "JSON", 0, 8911, 0, 0, 0, 0, 0, 0, 0, 0, 1, 8912
"c:\Users\Admin\Desktop\mifi_ifib_v2\package.json", "JSON", 0, 57, 0, 0, 0, 0, 0, 0, 0, 0, 1, 58
"c:\Users\Admin\Desktop\mifi_ifib_v2\src\app\App.module.css", "CSS", 0, 0, 0, 0, 0, 0, 3, 0, 0, 0, 1, 4
"c:\Users\Admin\Desktop\mifi_ifib_v2\src\app\App.tsx", "TypeScript JSX", 0, 0, 14, 0, 0, 0, 0, 0, 0, 0, 4, 18
"c:\Users\Admin\Desktop\mifi_ifib_v2\src\app\ProtectedApp.tsx", "TypeScript JSX", 0, 0, 22, 0, 0, 0, 0, 0, 0, 0, 7, 29
"c:\Users\Admin\Desktop\mifi_ifib_v2\src\catalogs\practicums.ts", "TypeScript", 60, 0, 0, 0, 0, 0, 0, 0, 0, 0, 25, 85
"c:\Users\Admin\Desktop\mifi_ifib_v2\src\catalogs\terms.ts", "TypeScript", 15, 0, 0, 0, 0, 0, 0, 0, 0, 0, 2, 17
"c:\Users\Admin\Desktop\mifi_ifib_v2\src\components\Footer\Footer.module.scss", "SCSS", 0, 0, 0, 0, 0, 104, 0, 0, 0, 0, 21, 125
"c:\Users\Admin\Desktop\mifi_ifib_v2\src\components\Footer\Footer.tsx", "TypeScript JSX", 0, 0, 191, 0, 0, 0, 0, 0, 0, 0, 36, 227
"c:\Users\Admin\Desktop\mifi_ifib_v2\src\components\Header\Header.module.scss", "SCSS", 0, 0, 0, 0, 0, 84, 0, 0, 0, 0, 18, 102
"c:\Users\Admin\Desktop\mifi_ifib_v2\src\components\Header\Header.tsx", "TypeScript JSX", 0, 0, 333, 0, 0, 0, 0, 0, 0, 0, 25, 358
"c:\Users\Admin\Desktop\mifi_ifib_v2\src\components\Header\components\UserMenu\UserMenu.module.scss", "SCSS", 0, 0, 0, 0, 0, 18, 0, 0, 0, 0, 4, 22
"c:\Users\Admin\Desktop\mifi_ifib_v2\src\components\Header\components\UserMenu\UserMenu.tsx", "TypeScript JSX", 0, 0, 51, 0, 0, 0, 0, 0, 0, 0, 6, 57
"c:\Users\Admin\Desktop\mifi_ifib_v2\src\components\IframeWithLoader\IframeWithLoader.module.scss", "SCSS", 0, 0, 0, 0, 0, 24, 0, 0, 0, 0, 3, 27
"c:\Users\Admin\Desktop\mifi_ifib_v2\src\components\IframeWithLoader\IframeWithLoader.tsx", "TypeScript JSX", 0, 0, 27, 0, 0, 0, 0, 0, 0, 0, 6, 33
"c:\Users\Admin\Desktop\mifi_ifib_v2\src\components\NoData\NoData.module.scss", "SCSS", 0, 0, 0, 0, 0, 20, 0, 0, 0, 0, 3, 23
"c:\Users\Admin\Desktop\mifi_ifib_v2\src\components\NoData\NoData.tsx", "TypeScript JSX", 0, 0, 14, 0, 0, 0, 0, 0, 0, 0, 3, 17
"c:\Users\Admin\Desktop\mifi_ifib_v2\src\components\QuestCard\QuestCard.module.scss", "SCSS", 0, 0, 0, 0, 0, 74, 0, 0, 0, 0, 10, 84
"c:\Users\Admin\Desktop\mifi_ifib_v2\src\components\QuestCard\QuestCard.tsx", "TypeScript JSX", 0, 0, 67, 0, 0, 0, 0, 0, 0, 0, 9, 76
"c:\Users\Admin\Desktop\mifi_ifib_v2\src\components\QuestComponent\QuestComponent.module.scss", "SCSS", 0, 0, 0, 0, 0, 238, 0, 0, 0, 0, 47, 285
"c:\Users\Admin\Desktop\mifi_ifib_v2\src\components\QuestComponent\QuestComponent.tsx", "TypeScript JSX", 0, 0, 209, 0, 0, 0, 0, 0, 0, 0, 25, 234
"c:\Users\Admin\Desktop\mifi_ifib_v2\src\components\RegistrationBlock\RegistrationBlock.module.scss", "SCSS", 0, 0, 0, 0, 0, 74, 0, 0, 0, 0, 12, 86
"c:\Users\Admin\Desktop\mifi_ifib_v2\src\components\RegistrationBlock\RegistrationBlock.tsx", "TypeScript JSX", 0, 0, 25, 0, 0, 0, 0, 0, 0, 0, 7, 32
"c:\Users\Admin\Desktop\mifi_ifib_v2\src\components\VideoPlayer\VideoPlayer.module.scss", "SCSS", 0, 0, 0, 0, 0, 12, 0, 0, 0, 0, 2, 14
"c:\Users\Admin\Desktop\mifi_ifib_v2\src\components\VideoPlayer\VideoPlayer.tsx", "TypeScript JSX", 0, 0, 28, 0, 0, 0, 0, 0, 0, 0, 6, 34
"c:\Users\Admin\Desktop\mifi_ifib_v2\src\entities\articleResponse.ts", "TypeScript", 18, 0, 0, 0, 0, 0, 0, 0, 0, 0, 3, 21
"c:\Users\Admin\Desktop\mifi_ifib_v2\src\entities\authResponse.ts", "TypeScript", 5, 0, 0, 0, 0, 0, 0, 0, 0, 0, 2, 7
"c:\Users\Admin\Desktop\mifi_ifib_v2\src\entities\confirmRegistrationResponse.ts", "TypeScript", 4, 0, 0, 0, 0, 0, 0, 0, 0, 0, 2, 6
"c:\Users\Admin\Desktop\mifi_ifib_v2\src\entities\currentUserResponse.ts", "TypeScript", 18, 0, 0, 0, 0, 0, 0, 0, 0, 0, 2, 20
"c:\Users\Admin\Desktop\mifi_ifib_v2\src\entities\equipmentGroupsResponse.ts", "TypeScript", 5, 0, 0, 0, 0, 0, 0, 0, 0, 0, 2, 7
"c:\Users\Admin\Desktop\mifi_ifib_v2\src\entities\equipmentResponse.ts", "TypeScript", 16, 0, 0, 0, 0, 0, 0, 0, 0, 0, 3, 19
"c:\Users\Admin\Desktop\mifi_ifib_v2\src\entities\index.ts", "TypeScript", 40, 0, 0, 0, 0, 0, 0, 0, 0, 0, 3, 43
"c:\Users\Admin\Desktop\mifi_ifib_v2\src\entities\mainVideoResponse.ts", "TypeScript", 4, 0, 0, 0, 0, 0, 0, 0, 0, 0, 2, 6
"c:\Users\Admin\Desktop\mifi_ifib_v2\src\entities\podcastResponse.ts", "TypeScript", 17, 0, 0, 0, 0, 0, 0, 0, 0, 0, 3, 20
"c:\Users\Admin\Desktop\mifi_ifib_v2\src\entities\progressStatisticsResponse.tsx", "TypeScript JSX", 0, 0, 12, 0, 0, 0, 0, 0, 0, 0, 3, 15
"c:\Users\Admin\Desktop\mifi_ifib_v2\src\entities\questResponse.ts", "TypeScript", 20, 0, 0, 0, 0, 0, 0, 0, 0, 0, 3, 23
"c:\Users\Admin\Desktop\mifi_ifib_v2\src\entities\questTasksResponse.ts", "TypeScript", 32, 0, 0, 0, 0, 0, 0, 0, 0, 0, 5, 37
"c:\Users\Admin\Desktop\mifi_ifib_v2\src\entities\registrationResponse.ts", "TypeScript", 5, 0, 0, 0, 0, 0, 0, 0, 0, 0, 2, 7
"c:\Users\Admin\Desktop\mifi_ifib_v2\src\entities\teamMembersResponse.ts", "TypeScript", 6, 0, 0, 0, 0, 0, 0, 0, 0, 0, 2, 8
"c:\Users\Admin\Desktop\mifi_ifib_v2\src\entities\termResponse.ts", "TypeScript", 13, 0, 0, 0, 0, 0, 0, 0, 0, 0, 3, 16
"c:\Users\Admin\Desktop\mifi_ifib_v2\src\entities\userRankResponse.ts", "TypeScript", 21, 0, 0, 0, 0, 0, 0, 0, 0, 0, 4, 25
"c:\Users\Admin\Desktop\mifi_ifib_v2\src\entities\videoResponse.ts", "TypeScript", 18, 0, 0, 0, 0, 0, 0, 0, 0, 0, 3, 21
"c:\Users\Admin\Desktop\mifi_ifib_v2\src\hooks\AuthProvider.tsx", "TypeScript JSX", 0, 0, 47, 0, 0, 0, 0, 0, 0, 0, 10, 57
"c:\Users\Admin\Desktop\mifi_ifib_v2\src\hooks\ScrollToTop.tsx", "TypeScript JSX", 0, 0, 10, 0, 0, 0, 0, 0, 0, 0, 5, 15
"c:\Users\Admin\Desktop\mifi_ifib_v2\src\hooks\keys.ts", "TypeScript", 19, 0, 0, 0, 0, 0, 0, 0, 0, 0, 3, 22
"c:\Users\Admin\Desktop\mifi_ifib_v2\src\hooks\useArticleAsMark.tsx", "TypeScript JSX", 0, 0, 12, 0, 0, 0, 0, 0, 0, 0, 2, 14
"c:\Users\Admin\Desktop\mifi_ifib_v2\src\hooks\useArticleAsRead.tsx", "TypeScript JSX", 0, 0, 12, 0, 0, 0, 0, 0, 0, 0, 2, 14
"c:\Users\Admin\Desktop\mifi_ifib_v2\src\hooks\useArticles.ts", "TypeScript", 13, 0, 0, 0, 0, 0, 0, 0, 0, 0, 5, 18
"c:\Users\Admin\Desktop\mifi_ifib_v2\src\hooks\useCurrentUser.tsx", "TypeScript JSX", 0, 0, 13, 0, 0, 0, 0, 0, 0, 0, 3, 16
"c:\Users\Admin\Desktop\mifi_ifib_v2\src\hooks\useEditUser.tsx", "TypeScript JSX", 0, 0, 23, 0, 0, 0, 0, 0, 0, 0, 3, 26
"c:\Users\Admin\Desktop\mifi_ifib_v2\src\hooks\useEquipments.ts", "TypeScript", 22, 0, 0, 0, 0, 0, 0, 0, 0, 0, 6, 28
"c:\Users\Admin\Desktop\mifi_ifib_v2\src\hooks\useFeedback.tsx", "TypeScript JSX", 0, 0, 20, 0, 0, 0, 0, 0, 0, 0, 3, 23
"c:\Users\Admin\Desktop\mifi_ifib_v2\src\hooks\useLogin.ts", "TypeScript", 17, 0, 0, 0, 0, 0, 0, 0, 0, 0, 2, 19
"c:\Users\Admin\Desktop\mifi_ifib_v2\src\hooks\useMainVideo.ts", "TypeScript", 13, 0, 0, 0, 0, 0, 0, 0, 0, 0, 5, 18
"c:\Users\Admin\Desktop\mifi_ifib_v2\src\hooks\usePodcastAsViewed.tsx", "TypeScript JSX", 0, 0, 10, 0, 0, 0, 0, 0, 0, 0, 1, 11
"c:\Users\Admin\Desktop\mifi_ifib_v2\src\hooks\usePodcasts.tsx", "TypeScript JSX", 0, 0, 13, 0, 0, 0, 0, 0, 0, 0, 3, 16
"c:\Users\Admin\Desktop\mifi_ifib_v2\src\hooks\useProgressStatistics.tsx", "TypeScript JSX", 0, 0, 13, 0, 0, 0, 0, 0, 0, 0, 3, 16
"c:\Users\Admin\Desktop\mifi_ifib_v2\src\hooks\useQuestTasks.tsx", "TypeScript JSX", 0, 0, 54, 0, 0, 0, 0, 0, 0, 0, 6, 60
"c:\Users\Admin\Desktop\mifi_ifib_v2\src\hooks\useQuests.tsx", "TypeScript JSX", 0, 0, 25, 0, 0, 0, 0, 0, 0, 0, 3, 28
"c:\Users\Admin\Desktop\mifi_ifib_v2\src\hooks\useRegistration.ts", "TypeScript", 58, 0, 0, 0, 0, 0, 0, 0, 0, 0, 5, 63
"c:\Users\Admin\Desktop\mifi_ifib_v2\src\hooks\useTeamMembers.ts", "TypeScript", 13, 0, 0, 0, 0, 0, 0, 0, 0, 0, 5, 18
"c:\Users\Admin\Desktop\mifi_ifib_v2\src\hooks\useTerms.ts", "TypeScript", 28, 0, 0, 0, 0, 0, 0, 0, 0, 0, 5, 33
"c:\Users\Admin\Desktop\mifi_ifib_v2\src\hooks\useUserRanks.tsx", "TypeScript JSX", 0, 0, 13, 0, 0, 0, 0, 0, 0, 0, 3, 16
"c:\Users\Admin\Desktop\mifi_ifib_v2\src\hooks\useVideoAsMark.tsx", "TypeScript JSX", 0, 0, 12, 0, 0, 0, 0, 0, 0, 0, 2, 14
"c:\Users\Admin\Desktop\mifi_ifib_v2\src\hooks\useVideoAsRead.tsx", "TypeScript JSX", 0, 0, 12, 0, 0, 0, 0, 0, 0, 0, 2, 14
"c:\Users\Admin\Desktop\mifi_ifib_v2\src\hooks\useVideos.ts", "TypeScript", 12, 0, 0, 0, 0, 0, 0, 0, 0, 0, 3, 15
"c:\Users\Admin\Desktop\mifi_ifib_v2\src\main.tsx", "TypeScript JSX", 0, 0, 104, 0, 0, 0, 0, 0, 0, 4, 35, 143
"c:\Users\Admin\Desktop\mifi_ifib_v2\src\pages\ArticleDetailsPage\ArticleDetailsPage.module.scss", "SCSS", 0, 0, 0, 0, 0, 101, 0, 0, 0, 0, 22, 123
"c:\Users\Admin\Desktop\mifi_ifib_v2\src\pages\ArticleDetailsPage\ArticleDetailsPage.tsx", "TypeScript JSX", 0, 0, 78, 0, 0, 0, 0, 0, 0, 0, 15, 93
"c:\Users\Admin\Desktop\mifi_ifib_v2\src\pages\ArticleDetailsPage\components\PdfViewer\PdfViewer.module.scss", "SCSS", 0, 0, 0, 0, 0, 13, 0, 0, 0, 0, 2, 15
"c:\Users\Admin\Desktop\mifi_ifib_v2\src\pages\ArticleDetailsPage\components\PdfViewer\PdfViewer.tsx", "TypeScript JSX", 0, 0, 28, 0, 0, 0, 0, 0, 0, 0, 5, 33
"c:\Users\Admin\Desktop\mifi_ifib_v2\src\pages\ArticlePage\ArticlePage.module.scss", "SCSS", 0, 0, 0, 0, 0, 177, 0, 0, 0, 0, 34, 211
"c:\Users\Admin\Desktop\mifi_ifib_v2\src\pages\ArticlePage\ArticlePage.tsx", "TypeScript JSX", 0, 0, 178, 0, 0, 0, 0, 0, 0, 2, 31, 211
"c:\Users\Admin\Desktop\mifi_ifib_v2\src\pages\ConfirmationPage\ConfirmationPage.module.scss", "SCSS", 0, 0, 0, 0, 0, 101, 0, 0, 0, 0, 17, 118
"c:\Users\Admin\Desktop\mifi_ifib_v2\src\pages\ConfirmationPage\ConfirmationPage.tsx", "TypeScript JSX", 0, 0, 132, 0, 0, 0, 0, 0, 0, 0, 18, 150
"c:\Users\Admin\Desktop\mifi_ifib_v2\src\pages\EquipmentDetailsPage\EquipmentDetailsPage.module.scss", "SCSS", 0, 0, 0, 0, 0, 101, 0, 0, 0, 0, 20, 121
"c:\Users\Admin\Desktop\mifi_ifib_v2\src\pages\EquipmentDetailsPage\EquipmentDetailsPage.tsx", "TypeScript JSX", 0, 0, 63, 0, 0, 0, 0, 0, 0, 0, 11, 74
"c:\Users\Admin\Desktop\mifi_ifib_v2\src\pages\EquipmentModelPage\EquipmentModelPage.module.scss", "SCSS", 0, 0, 0, 0, 0, 76, 0, 0, 0, 0, 17, 93
"c:\Users\Admin\Desktop\mifi_ifib_v2\src\pages\EquipmentModelPage\EquipmentModelPage.tsx", "TypeScript JSX", 0, 0, 75, 0, 0, 0, 0, 0, 0, 0, 14, 89
"c:\Users\Admin\Desktop\mifi_ifib_v2\src\pages\EquipmentPage\EquipmentPage.module.scss", "SCSS", 0, 0, 0, 0, 0, 98, 0, 0, 0, 0, 22, 120
"c:\Users\Admin\Desktop\mifi_ifib_v2\src\pages\EquipmentPage\EquipmentPage.tsx", "TypeScript JSX", 0, 0, 139, 0, 0, 0, 0, 0, 0, 0, 25, 164
"c:\Users\Admin\Desktop\mifi_ifib_v2\src\pages\ErrorPage\ErrorPage.module.scss", "SCSS", 0, 0, 0, 0, 0, 21, 0, 0, 0, 0, 4, 25
"c:\Users\Admin\Desktop\mifi_ifib_v2\src\pages\ErrorPage\ErrorPage.tsx", "TypeScript JSX", 0, 0, 13, 0, 0, 0, 0, 0, 0, 0, 3, 16
"c:\Users\Admin\Desktop\mifi_ifib_v2\src\pages\HomePage\HomePage.module.scss", "SCSS", 0, 0, 0, 0, 0, 4, 0, 0, 0, 0, 1, 5
"c:\Users\Admin\Desktop\mifi_ifib_v2\src\pages\HomePage\HomePage.tsx", "TypeScript JSX", 0, 0, 20, 0, 0, 0, 0, 0, 0, 0, 8, 28
"c:\Users\Admin\Desktop\mifi_ifib_v2\src\pages\HomePage\components\AboutPlatform\AboutPlatdorm.module.scss", "SCSS", 0, 0, 0, 0, 0, 69, 0, 0, 0, 0, 12, 81
"c:\Users\Admin\Desktop\mifi_ifib_v2\src\pages\HomePage\components\AboutPlatform\AboutPlatform.tsx", "TypeScript JSX", 0, 0, 45, 0, 0, 0, 0, 0, 0, 0, 13, 58
"c:\Users\Admin\Desktop\mifi_ifib_v2\src\pages\HomePage\components\AboutSection\AboutSection.module.scss", "SCSS", 0, 0, 0, 0, 0, 112, 0, 0, 0, 0, 21, 133
"c:\Users\Admin\Desktop\mifi_ifib_v2\src\pages\HomePage\components\AboutSection\AboutSection.tsx", "TypeScript JSX", 0, 0, 60, 0, 0, 0, 0, 0, 0, 0, 7, 67
"c:\Users\Admin\Desktop\mifi_ifib_v2\src\pages\HomePage\components\FeedbackSection\FeedbackSection.module.scss", "SCSS", 0, 0, 0, 0, 0, 133, 0, 0, 0, 0, 28, 161
"c:\Users\Admin\Desktop\mifi_ifib_v2\src\pages\HomePage\components\FeedbackSection\FeedbackSection.tsx", "TypeScript JSX", 0, 0, 242, 0, 0, 0, 0, 0, 0, 0, 24, 266
"c:\Users\Admin\Desktop\mifi_ifib_v2\src\pages\HomePage\components\MainBanner\MainBanner.module.scss", "SCSS", 0, 0, 0, 0, 0, 221, 0, 0, 0, 0, 41, 262
"c:\Users\Admin\Desktop\mifi_ifib_v2\src\pages\HomePage\components\MainBanner\MainBanner.tsx", "TypeScript JSX", 0, 0, 76, 0, 0, 0, 0, 0, 0, 1, 15, 92
"c:\Users\Admin\Desktop\mifi_ifib_v2\src\pages\HomePage\components\PlatformSection\PlatformSection.module.scss", "SCSS", 0, 0, 0, 0, 0, 123, 0, 0, 0, 0, 26, 149
"c:\Users\Admin\Desktop\mifi_ifib_v2\src\pages\HomePage\components\PlatformSection\PlatformSection.tsx", "TypeScript JSX", 0, 0, 28, 0, 0, 0, 0, 0, 0, 0, 6, 34
"c:\Users\Admin\Desktop\mifi_ifib_v2\src\pages\HomePage\components\TeamSection\TeamSection.module.scss", "SCSS", 0, 0, 0, 0, 0, 59, 0, 0, 0, 0, 10, 69
"c:\Users\Admin\Desktop\mifi_ifib_v2\src\pages\HomePage\components\TeamSection\TeamSection.tsx", "TypeScript JSX", 0, 0, 28, 0, 0, 0, 0, 0, 0, 0, 4, 32
"c:\Users\Admin\Desktop\mifi_ifib_v2\src\pages\IntroPage\IntroPage.module.scss", "SCSS", 0, 0, 0, 0, 0, 153, 0, 0, 0, 0, 28, 181
"c:\Users\Admin\Desktop\mifi_ifib_v2\src\pages\IntroPage\IntroPage.tsx", "TypeScript JSX", 0, 0, 97, 0, 0, 0, 0, 0, 0, 0, 8, 105
"c:\Users\Admin\Desktop\mifi_ifib_v2\src\pages\KnowledgePage\KnowledgePage.module.scss", "SCSS", 0, 0, 0, 0, 0, 104, 0, 0, 0, 0, 19, 123
"c:\Users\Admin\Desktop\mifi_ifib_v2\src\pages\KnowledgePage\KnowledgePage.tsx", "TypeScript JSX", 0, 0, 105, 0, 0, 0, 0, 0, 0, 0, 7, 112
"c:\Users\Admin\Desktop\mifi_ifib_v2\src\pages\LoginPage\LoginPage.module.scss", "SCSS", 0, 0, 0, 0, 0, 103, 0, 0, 0, 0, 20, 123
"c:\Users\Admin\Desktop\mifi_ifib_v2\src\pages\LoginPage\LoginPage.tsx", "TypeScript JSX", 0, 0, 108, 0, 0, 0, 0, 0, 0, 0, 14, 122
"c:\Users\Admin\Desktop\mifi_ifib_v2\src\pages\OfflineQuestDetailsPage\OfflineQuestDetailsPage.module.scss", "SCSS", 0, 0, 0, 0, 0, 80, 0, 0, 0, 0, 19, 99
"c:\Users\Admin\Desktop\mifi_ifib_v2\src\pages\OfflineQuestDetailsPage\OfflineQuestDetailsPage.tsx", "TypeScript JSX", 0, 0, 57, 0, 0, 0, 0, 0, 0, 0, 12, 69
"c:\Users\Admin\Desktop\mifi_ifib_v2\src\pages\PodcastsPage\PodcastsPage.module.scss", "SCSS", 0, 0, 0, 0, 0, 180, 0, 0, 0, 0, 33, 213
"c:\Users\Admin\Desktop\mifi_ifib_v2\src\pages\PodcastsPage\PodcastsPage.tsx", "TypeScript JSX", 0, 0, 118, 0, 0, 0, 0, 0, 0, 0, 22, 140
"c:\Users\Admin\Desktop\mifi_ifib_v2\src\pages\PracticumDetailsPage\PracticumDetailsPage.module.scss", "SCSS", 0, 0, 0, 0, 0, 238, 0, 0, 0, 0, 47, 285
"c:\Users\Admin\Desktop\mifi_ifib_v2\src\pages\PracticumDetailsPage\PracticumDetailsPage.tsx", "TypeScript JSX", 0, 0, 29, 0, 0, 0, 0, 0, 0, 0, 10, 39
"c:\Users\Admin\Desktop\mifi_ifib_v2\src\pages\PracticumPage\PracticumPage.module.scss", "SCSS", 0, 0, 0, 0, 0, 105, 0, 0, 0, 0, 19, 124
"c:\Users\Admin\Desktop\mifi_ifib_v2\src\pages\PracticumPage\PracticumPage.tsx", "TypeScript JSX", 0, 0, 92, 0, 0, 0, 0, 0, 0, 0, 6, 98
"c:\Users\Admin\Desktop\mifi_ifib_v2\src\pages\ProfilePage\ProfilePage.module.scss", "SCSS", 0, 0, 0, 0, 0, 271, 0, 0, 0, 0, 49, 320
"c:\Users\Admin\Desktop\mifi_ifib_v2\src\pages\ProfilePage\ProfilePage.tsx", "TypeScript JSX", 0, 0, 232, 0, 0, 0, 0, 0, 0, 13, 27, 272
"c:\Users\Admin\Desktop\mifi_ifib_v2\src\pages\QuestDetailsPage\QuestDetailsPage.module.scss", "SCSS", 0, 0, 0, 0, 0, 237, 0, 0, 0, 0, 47, 284
"c:\Users\Admin\Desktop\mifi_ifib_v2\src\pages\QuestDetailsPage\QuestDetailsPage.tsx", "TypeScript JSX", 0, 0, 47, 0, 0, 0, 0, 0, 0, 1, 13, 61
"c:\Users\Admin\Desktop\mifi_ifib_v2\src\pages\QuestsDetailsPage\QuestsDetailsPage.module.scss", "SCSS", 0, 0, 0, 0, 0, 165, 0, 0, 0, 0, 35, 200
"c:\Users\Admin\Desktop\mifi_ifib_v2\src\pages\QuestsDetailsPage\QuestsDetailsPage.tsx", "TypeScript JSX", 0, 0, 144, 0, 0, 0, 0, 0, 0, 0, 19, 163
"c:\Users\Admin\Desktop\mifi_ifib_v2\src\pages\QuestsPage\QuestsPage.module.scss", "SCSS", 0, 0, 0, 0, 0, 80, 0, 0, 0, 0, 18, 98
"c:\Users\Admin\Desktop\mifi_ifib_v2\src\pages\QuestsPage\QuestsPage.tsx", "TypeScript JSX", 0, 0, 131, 0, 0, 0, 0, 0, 0, 0, 16, 147
"c:\Users\Admin\Desktop\mifi_ifib_v2\src\pages\RegistrationPage\RegistrationPage.module.scss", "SCSS", 0, 0, 0, 0, 0, 102, 0, 0, 0, 0, 20, 122
"c:\Users\Admin\Desktop\mifi_ifib_v2\src\pages\RegistrationPage\RegistrationPage.tsx", "TypeScript JSX", 0, 0, 532, 0, 0, 0, 0, 0, 0, 0, 35, 567
"c:\Users\Admin\Desktop\mifi_ifib_v2\src\pages\TasksPage\TasksPage.module.scss", "SCSS", 0, 0, 0, 0, 0, 178, 0, 0, 0, 0, 34, 212
"c:\Users\Admin\Desktop\mifi_ifib_v2\src\pages\TasksPage\TasksPage.tsx", "TypeScript JSX", 0, 0, 64, 0, 0, 0, 0, 0, 0, 0, 13, 77
"c:\Users\Admin\Desktop\mifi_ifib_v2\src\pages\TermsPage\TermsPage.module.scss", "SCSS", 0, 0, 0, 0, 0, 257, 0, 0, 0, 0, 50, 307
"c:\Users\Admin\Desktop\mifi_ifib_v2\src\pages\TermsPage\TermsPage.tsx", "TypeScript JSX", 0, 0, 191, 0, 0, 0, 0, 0, 0, 2, 32, 225
"c:\Users\Admin\Desktop\mifi_ifib_v2\src\pages\UserRatingPage\UserRatingPage.module.scss", "SCSS", 0, 0, 0, 0, 0, 73, 0, 0, 0, 0, 16, 89
"c:\Users\Admin\Desktop\mifi_ifib_v2\src\pages\UserRatingPage\UserRatingPage.tsx", "TypeScript JSX", 0, 0, 134, 0, 0, 0, 0, 0, 0, 0, 15, 149
"c:\Users\Admin\Desktop\mifi_ifib_v2\src\pages\VideoLecturePage\VideoLecturePage.module.scss", "SCSS", 0, 0, 0, 0, 0, 60, 0, 0, 0, 0, 13, 73
"c:\Users\Admin\Desktop\mifi_ifib_v2\src\pages\VideoLecturePage\VideoLecturePage.tsx", "TypeScript JSX", 0, 0, 68, 0, 0, 0, 0, 0, 0, 0, 17, 85
"c:\Users\Admin\Desktop\mifi_ifib_v2\src\pages\VideoLecturesPage\VideoLecturesPage.module.scss", "SCSS", 0, 0, 0, 0, 0, 160, 0, 0, 0, 0, 31, 191
"c:\Users\Admin\Desktop\mifi_ifib_v2\src\pages\VideoLecturesPage\VideoLecturesPage.tsx", "TypeScript JSX", 0, 0, 118, 0, 0, 0, 0, 0, 0, 0, 22, 140
"c:\Users\Admin\Desktop\mifi_ifib_v2\src\services\articles.ts", "TypeScript", 28, 0, 0, 0, 0, 0, 0, 0, 0, 0, 8, 36
"c:\Users\Admin\Desktop\mifi_ifib_v2\src\services\auth.ts", "TypeScript", 36, 0, 0, 0, 0, 0, 0, 0, 0, 3, 8, 47
"c:\Users\Admin\Desktop\mifi_ifib_v2\src\services\currentUser.ts", "TypeScript", 4, 0, 0, 0, 0, 0, 0, 0, 0, 0, 2, 6
"c:\Users\Admin\Desktop\mifi_ifib_v2\src\services\editUser.ts", "TypeScript", 16, 0, 0, 0, 0, 0, 0, 0, 0, 0, 2, 18
"c:\Users\Admin\Desktop\mifi_ifib_v2\src\services\equipments.ts", "TypeScript", 23, 0, 0, 0, 0, 0, 0, 0, 0, 0, 5, 28
"c:\Users\Admin\Desktop\mifi_ifib_v2\src\services\feedbackForm.ts", "TypeScript", 13, 0, 0, 0, 0, 0, 0, 0, 0, 0, 3, 16
"c:\Users\Admin\Desktop\mifi_ifib_v2\src\services\index.ts", "TypeScript", 103, 0, 0, 0, 0, 0, 0, 0, 0, 0, 18, 121
"c:\Users\Admin\Desktop\mifi_ifib_v2\src\services\mainVideo.ts", "TypeScript", 6, 0, 0, 0, 0, 0, 0, 0, 0, 0, 2, 8
"c:\Users\Admin\Desktop\mifi_ifib_v2\src\services\podcasts.ts", "TypeScript", 19, 0, 0, 0, 0, 0, 0, 0, 0, 0, 4, 23
"c:\Users\Admin\Desktop\mifi_ifib_v2\src\services\progressStatistics.ts", "TypeScript", 6, 0, 0, 0, 0, 0, 0, 0, 0, 0, 2, 8
"c:\Users\Admin\Desktop\mifi_ifib_v2\src\services\questTasks.ts", "TypeScript", 42, 0, 0, 0, 0, 0, 0, 0, 0, 0, 8, 50
"c:\Users\Admin\Desktop\mifi_ifib_v2\src\services\quests.ts", "TypeScript", 26, 0, 0, 0, 0, 0, 0, 0, 0, 0, 4, 30
"c:\Users\Admin\Desktop\mifi_ifib_v2\src\services\registration.ts", "TypeScript", 42, 0, 0, 0, 0, 0, 0, 0, 0, 0, 5, 47
"c:\Users\Admin\Desktop\mifi_ifib_v2\src\services\teamMembers.ts", "TypeScript", 6, 0, 0, 0, 0, 0, 0, 0, 0, 0, 2, 8
"c:\Users\Admin\Desktop\mifi_ifib_v2\src\services\terms.ts", "TypeScript", 19, 0, 0, 0, 0, 0, 0, 0, 0, 0, 3, 22
"c:\Users\Admin\Desktop\mifi_ifib_v2\src\services\userRanks.ts", "TypeScript", 9, 0, 0, 0, 0, 0, 0, 0, 0, 0, 4, 13
"c:\Users\Admin\Desktop\mifi_ifib_v2\src\services\videos.ts", "TypeScript", 21, 0, 0, 0, 0, 0, 0, 0, 0, 0, 7, 28
"c:\Users\Admin\Desktop\mifi_ifib_v2\src\vite-env.d.ts", "TypeScript", 0, 0, 0, 0, 0, 0, 0, 0, 0, 1, 1, 2
"c:\Users\Admin\Desktop\mifi_ifib_v2\tsconfig.app.json", "JSON", 0, 20, 0, 0, 0, 0, 0, 0, 0, 2, 3, 25
"c:\Users\Admin\Desktop\mifi_ifib_v2\tsconfig.json", "JSON with Comments", 0, 0, 0, 0, 26, 0, 0, 0, 0, 0, 1, 27
"c:\Users\Admin\Desktop\mifi_ifib_v2\tsconfig.node.json", "JSON", 0, 18, 0, 0, 0, 0, 0, 0, 0, 2, 3, 23
"c:\Users\Admin\Desktop\mifi_ifib_v2\vite.config.ts", "TypeScript", 19, 0, 0, 0, 0, 0, 0, 0, 0, 0, 2, 21
"Total", "-", 950, 9006, 4858, 40, 26, 4603, 3, 27, 20, 31, 1829, 21393